loan_id,borrower_customer_id,borrower_supplier_id,principal_amount,status
1,,2842,51696.25,repaid
2,,4539,2432613.89,active
3,,3524,2333322.11,active
4,,1794,1154700.59,defaulted
5,,4496,2000492.51,active
6,,3620,2341880.5,repaid
7,,449,690502.83,defaulted
8,,3681,2255568.67,active
9,,4080,558800.19,active
10,,1329,381280.72,active
11,,3941,501844.67,active
12,,1739,654813.51,active
13,,561,937933.03,repaid
14,,2781,2030029.46,active
15,,4926,2334298.74,active
16,,3799,1471990.89,repaid
17,,227,1258765.26,written_off
18,,1095,2154286.27,repaid
19,,3746,520108.8,active
20,,3968,2358269.18,active
21,,2654,2728048.2,active
22,,1090,1330305.08,active
23,,3679,125546.08,repaid
24,,4325,1734799.36,active
25,,2776,268127.29,active
26,,4161,1987246.21,written_off
27,,4210,423715.26,defaulted
28,,2006,2402264.68,defaulted
29,,5319,2593986.55,written_off
30,,1182,2022957.95,active
31,,3937,695513.18,repaid
32,,3523,886267.75,active
33,,4563,873650.48,active
34,,251,66116.43,repaid
35,,5032,642434.66,active
36,,92,670770.13,active
37,,2784,1651237.66,repaid
38,,685,2074950.49,active
39,,1518,2706946.2,active
40,,5148,1362516.8,repaid
41,,3957,79204.14,defaulted
42,,3165,2825678.59,active
43,,5233,1073655.84,active
44,,2607,2167094.83,active
45,,3802,1399020.87,active
46,,4391,2586654.27,repaid
47,,4781,2951895.82,repaid
48,,5367,982832.04,active
49,,5420,1876771.78,active
50,,768,984094.58,repaid
51,,4436,2227199.44,active
52,,5414,471365.62,repaid
53,,2866,1755068.52,active
54,,604,1800311.68,active
55,,1045,2932382.86,active
56,,3567,1270740.74,repaid
57,,2609,2877473.63,repaid
58,,5415,2087143.59,repaid
59,,1898,1577122.6,active
60,,4793,1233594.82,active
61,,959,2698453.67,defaulted
62,,1019,810585.59,active
63,,4986,2801895.39,active
64,,2665,584432.04,active
65,,4538,891739.22,repaid
66,,2849,2636846.91,defaulted
67,,1665,614500.72,repaid
68,,4313,84615.56,active
69,,1919,205410.39,defaulted
70,,1068,1739981.33,active
71,,5494,1003690.02,active
72,,3074,1902692.82,written_off
73,,2629,2364670.33,active
74,,542,2508297.4,active
75,,3429,1337441.5,repaid
76,,1094,1467063.79,active
77,,2961,1731101.28,active
78,,3013,1557511.46,active
79,,5133,2417501.78,defaulted
80,,567,2272788.36,repaid
81,,2950,2503139.77,repaid
82,,4475,1018190.2,active
83,,3779,643684.92,active
84,,4766,354458.54,active
85,,2420,2642291.92,active
86,,4174,2460137.56,repaid
87,,5427,865811.71,repaid
88,,2777,893999.74,active
89,,3451,603479.28,active
90,,3704,2391045.03,active
91,,2477,1311351.33,repaid
92,,1229,1341392.42,active
93,,4331,2845449.59,repaid
94,,4307,2043064.26,active
95,,948,611302.89,written_off
96,,3550,1599158.91,written_off
97,,462,450145.49,active
98,,5228,2565619.84,active
99,,4277,1240801.57,repaid
100,,5431,1656986.56,repaid
101,,1218,2367440.29,active
102,,1976,144671.72,repaid
103,,1472,2564642.67,active
104,,1512,1746575.25,active
105,,5245,2395238.38,active
106,,4215,407062.56,repaid
107,,3636,1134802.74,active
108,,4639,2073771.89,repaid
109,,1962,531236.85,repaid
110,,1457,2208678.35,written_off
111,,4491,986779.35,active
112,,1562,889840.62,repaid
113,,3952,1888893.39,written_off
114,,5285,2315337.94,active
115,,2121,1529983.92,repaid
116,,4600,458722.89,defaulted
117,,2026,2634413.51,active
118,,704,849026.77,active
119,,4122,438120.85,active
120,,1971,478895.28,active
121,,2968,922049.32,repaid
122,,3724,2656022.06,active
123,,1307,251264.57,active
124,,3161,2103103.98,active
125,,1030,301532.83,active
126,,4564,2584088.57,repaid
127,,1008,750009.55,active
128,,4779,1308268.96,active
129,,4932,625754.7,repaid
130,,5304,2581883.22,active
131,,3961,141055.16,repaid
132,,4860,2671873.64,active
133,,5399,289831.37,active
134,,3582,1207905.86,active
135,,4418,928746.45,defaulted
136,,4714,804152.54,active
137,,1448,194947.34,active
138,,4510,914188.5,repaid
139,,2804,827727.39,defaulted
140,,2724,2398805.57,repaid
141,,5227,604066.43,active
142,,3268,866015.12,repaid
143,,2130,2822523.67,repaid
144,,3155,2124827.99,active
145,,1694,436909.34,defaulted
146,,2192,1630061.22,defaulted
147,,4157,1404979.87,active
148,,2895,1922603.92,active
149,,548,2312767.95,active
150,,2141,2147385.44,repaid
151,,3448,2024742.08,active
152,,893,719190.66,active
153,,2683,257915.2,repaid
154,,5200,992028.72,repaid
155,,741,475443.67,repaid
156,,198,136755.13,active
157,,1731,2904176.19,repaid
158,,2778,1073506.39,active
159,,1211,2196784.47,active
160,,4910,2097448.0,active
161,,4051,2670251.09,repaid
162,,268,327045.1,repaid
163,,2876,2568710.75,active
164,,2395,2165712.08,active
165,,2664,1347216.97,active
166,,4213,2597269.51,repaid
167,,2224,1978213.55,written_off
168,,1057,2618592.57,active
169,,3178,2078901.93,active
170,,5346,1563621.16,active
171,,1946,2092383.84,active
172,,5400,1364888.83,active
173,,4883,561748.45,active
174,,4671,2244211.33,repaid
175,,4717,667852.43,active
176,,1543,1914678.56,defaulted
177,,985,291778.5,repaid
178,,2451,2652911.13,active
179,,4529,1299707.56,active
180,,2807,1468855.81,active
181,,2554,1742491.54,active
182,,4350,334892.13,active
183,,59,1304226.42,active
184,,2091,332294.01,active
185,,4059,1613505.08,active
186,,4998,2659886.83,repaid
187,,5379,2640414.13,active
188,,5512,2843690.0,repaid
189,,4522,1987535.49,active
190,,4085,161368.71,repaid
191,,3071,1602893.26,active
192,,2411,1499475.95,active
193,,2457,2622563.37,repaid
194,,5223,475264.04,repaid
195,,517,961946.49,written_off
196,,1335,2655139.45,defaulted
197,,820,1942160.87,repaid
198,,2579,1604843.63,active
199,,1097,1355798.98,active
200,,1517,2587096.13,written_off
201,,4434,2717527.09,active
202,,458,1367115.21,active
203,,2716,2846053.86,active
204,,2623,1671787.47,active
205,,3723,1736913.33,active
206,,3774,1877597.15,active
207,,2450,2766427.33,repaid
208,,3580,593746.05,repaid
209,,4365,1201437.73,active
210,,3625,2916580.0,active
211,,616,1684502.57,repaid
212,,5178,2352112.68,active
213,,2521,1139230.96,active
214,,4758,588888.74,active
215,,639,1969258.9,active
216,,2007,123908.84,written_off
217,,2041,2415259.13,defaulted
218,,3467,2453918.79,active
219,,5336,1121973.09,defaulted
220,,3569,1985506.79,repaid
221,,4688,1448965.43,repaid
222,,1530,2179732.96,active
223,,2200,2065499.35,repaid
224,,795,393637.65,active
225,,3932,533942.86,active
226,,5455,1870260.11,repaid
227,,472,2322187.37,repaid
228,,3870,2931917.76,active
229,,5197,2898327.52,active
230,,3472,1580597.69,active
231,,4801,545423.05,repaid
232,,3511,2517511.05,repaid
233,,4317,289371.3,defaulted
234,,19,514331.24,written_off
235,,652,1925076.79,active
236,,447,2942643.98,repaid
237,,4248,1521626.76,repaid
238,,2150,2675276.45,repaid
239,,5447,2020338.94,defaulted
240,,3324,1531131.5,written_off
241,,4206,2220756.1,defaulted
242,,2325,164123.25,repaid
243,,3760,985539.8,defaulted
244,,2063,1775354.65,repaid
245,,2715,1009551.02,active
246,,5246,1844189.14,active
247,,4674,185520.8,repaid
248,,3573,1036307.6,active
249,,1568,2619986.74,repaid
250,,3589,2880725.72,active
251,,2843,437371.28,repaid
252,,450,2754472.57,active
253,,4892,1101255.03,active
254,,2425,541226.45,active
255,,3841,1281933.24,written_off
256,,2511,553001.69,active
257,,4321,412477.91,active
258,,4359,1700528.8,repaid
259,,151,70845.78,written_off
260,,3744,2170845.74,defaulted
261,,679,1270737.07,active
262,,4378,929183.01,active
263,,1172,1550174.77,active
264,,3491,556603.09,active
265,,2351,1934118.38,repaid
266,,2213,2545494.82,active
267,,4992,1902166.93,repaid
268,,2531,2359136.51,active
269,,4024,846008.78,active
270,,3740,1683634.48,active
271,,4599,238521.8,written_off
272,,902,1844545.3,active
273,,849,930779.2,active
274,,3284,1822849.13,repaid
275,,4750,1473385.31,repaid
276,,2011,2784072.57,active
277,,414,1037442.45,defaulted
278,,3257,704512.93,active
279,,1354,89935.88,repaid
280,,5421,2606863.68,repaid
281,,3588,1687640.74,active
282,,7,96184.89,repaid
283,,2945,2457693.1,defaulted
284,,3768,485280.84,active
285,,177,2488636.1,active
286,,545,2419064.77,active
287,,1759,1277797.2,active
288,,4648,674671.11,active
289,,3311,303237.12,active
290,,2633,2615722.74,active
291,,1810,740883.59,defaulted
292,,1404,2307114.94,active
293,,4404,2851056.01,repaid
294,,4250,1981584.04,defaulted
295,,62,599830.06,repaid
296,,5192,2788242.29,repaid
297,,1209,1639586.57,repaid
298,,3855,1795308.72,active
299,,3976,1331980.84,repaid
300,,1433,2792002.44,active
301,,3680,1934180.53,active
302,,1596,2132259.85,active
303,,1160,1827824.41,active
304,,3114,695678.06,repaid
305,,1974,1232754.72,repaid
306,,1967,2778164.5,active
307,,1042,2707120.35,repaid
308,,5174,836961.74,active
309,,2568,188330.0,active
310,,2253,537596.4,active
311,,1205,1158062.95,active
312,,4549,685585.74,repaid
313,,3414,2578950.11,active
314,,1760,526678.38,repaid
315,,2618,1110976.78,active
316,,3973,558759.49,active
317,,2089,128514.37,active
318,,2165,110265.45,active
319,,3483,481529.08,active
320,,1234,852638.46,active
321,,2333,665698.28,active
322,,171,1356817.14,repaid
323,,1816,2474584.62,active
324,,1908,240608.42,repaid
325,,5395,2316814.38,active
326,,1202,837449.58,active
327,,906,2103619.08,active
328,,5462,1879490.34,repaid
329,,2705,1064262.84,active
330,,5311,1240962.24,written_off
331,,2016,2808063.45,active
332,,822,550892.06,active
333,,4811,1053510.17,defaulted
334,,3379,1525658.7,repaid
335,,4931,2119772.37,repaid
336,,2517,366454.3,written_off
337,,1763,367743.64,active
338,,5316,2798641.78,active
339,,4943,2244251.79,active
340,,4961,2119149.67,active
341,,276,283980.61,active
342,,2814,862181.98,active
343,,1499,2533943.98,active
344,,707,1775300.36,active
345,,2129,616244.87,active
346,,3034,130712.03,active
347,,3121,1253471.68,active
348,,4410,581687.52,active
349,,2140,550905.08,active
350,,5103,360858.01,repaid
351,,389,1938564.07,repaid
352,,2594,1560549.0,repaid
353,,601,145755.38,repaid
354,,3152,1230267.18,defaulted
355,,799,1496050.52,active
356,,4269,2260275.71,repaid
357,,2055,2792997.7,repaid
358,,4403,2153514.31,repaid
359,,2347,2038555.87,defaulted
360,,2674,2286077.0,active
361,,187,2164494.54,repaid
362,,156,2337272.97,active
363,,3642,1168352.11,active
364,,3199,466283.98,active
365,,3868,1638357.75,repaid
366,,4348,2275804.73,active
367,,1724,839289.5,active
368,,5126,686981.3,repaid
369,,47,1133482.15,repaid
370,,4516,486378.04,active
371,,2247,439375.61,defaulted
372,,2806,2080579.37,repaid
373,,340,606333.93,active
374,,4643,2602648.74,active
375,,4844,342501.41,active
376,,2525,1708434.36,active
377,,3546,85206.86,repaid
378,,5402,51295.36,active
379,,1637,569402.27,active
380,,2490,2529147.39,defaulted
381,,1839,1376266.92,active
382,,4068,2006719.92,active
383,,4728,362501.93,active
384,,3975,2223763.81,repaid
385,,3250,1707900.48,active
386,,5430,242133.07,repaid
387,,2628,1255684.31,repaid
388,,1480,203069.51,repaid
389,,11,968829.31,repaid
390,,5129,1909599.37,repaid
391,,3945,1472904.54,active
392,,4966,463063.07,repaid
393,,3006,2212584.78,repaid
394,,5049,1680827.53,active
395,,2105,800065.89,active
396,,2025,2483856.32,active
397,,533,2403881.06,repaid
398,,5361,742969.18,repaid
399,,1315,2353604.93,repaid
400,,1473,2482909.33,repaid
401,,4357,2525437.0,repaid
402,,1818,1928663.93,repaid
403,,2142,80003.94,active
404,,5501,2484093.26,repaid
405,,4940,2594388.32,repaid
406,,4295,2233161.66,active
407,,1907,1672312.97,active
408,,4677,2062793.26,active
409,,2107,1634473.67,defaulted
410,,1540,1626957.25,active
411,,506,1704508.24,repaid
412,,737,1755412.99,active
413,,2988,2634857.86,active
414,,1829,2815456.66,written_off
415,,3159,2125696.09,repaid
416,,3012,207329.52,defaulted
417,,3137,967450.99,active
418,,13,1470785.36,active
419,,595,2682486.16,active
420,,3879,1308127.13,repaid
421,,4364,2764286.75,repaid
422,,5485,1436560.67,active
423,,4904,1440389.78,active
424,,5001,1248325.35,repaid
425,,4100,1762578.76,active
426,,4065,2696762.72,defaulted
427,,2826,236622.29,active
428,,3901,619816.7,repaid
429,,1689,1749170.32,repaid
430,,3170,1393432.93,active
431,,1506,1444919.56,active
432,,4527,820418.54,repaid
433,,877,513590.41,active
434,,1406,1213048.32,repaid
435,,3089,1457813.91,active
436,,5600,2830976.11,active
437,,2469,874591.39,active
438,,3858,2914320.33,active
439,,3770,96615.54,repaid
440,,3201,793487.75,repaid
441,,4615,1564315.31,active
442,,2316,1281301.61,repaid
443,,1365,318421.26,repaid
444,,1515,979650.08,active
445,,521,777789.72,active
446,,2995,1726594.99,repaid
447,,4316,414158.41,active
448,,3423,1160153.33,active
449,,390,930342.97,active
450,,4286,1341251.51,repaid
451,,4053,1649819.2,active
452,,4824,1248006.27,written_off
453,,4111,219846.64,repaid
454,,1693,547894.34,active
455,,437,2136266.08,active
456,,847,570661.81,active
457,,398,2313827.17,active
458,,2377,2149672.04,active
459,,318,950526.28,repaid
460,,2475,1620598.22,repaid
461,,1863,913391.31,written_off
462,,281,1167513.95,active
463,,3712,523668.57,repaid
464,,2068,2579405.51,active
465,,1799,1247095.08,repaid
466,,4825,1669814.75,repaid
467,,4569,758539.8,active
468,,5132,2951381.46,active
469,,184,381771.9,repaid
470,,2538,345872.1,written_off
471,,1120,2895429.87,active
472,,3440,1468004.61,defaulted
473,,4536,1156305.29,repaid
474,,100,1070255.09,active
475,,1072,1274777.94,active
476,,5186,824868.72,active
477,,589,1935093.6,repaid
478,,4819,2818699.12,active
479,,1255,2376971.73,active
480,,4653,1351762.11,active
481,,4211,905709.98,active
482,,1464,2763484.67,active
483,,5281,2856926.85,written_off
484,,5323,1527675.75,active
485,,3950,1667930.5,written_off
486,,2133,1322695.83,active
487,,4876,2971820.29,active
488,,1055,1653560.81,active
489,,1011,1310206.07,active
490,,965,2058913.55,defaulted
491,,4131,533635.51,active
492,,5096,691419.43,active
493,,1964,2795253.27,defaulted
494,,3827,744569.47,repaid
495,,1324,2067314.3,repaid
496,,481,898480.86,active
497,,1200,1386620.73,active
498,,752,2848518.01,defaulted
499,,1954,769888.87,repaid
500,,4624,1207425.84,active
501,,247,999377.96,active
502,,817,2953764.96,repaid
503,,3561,1440218.45,active
504,,4119,2920622.81,active
505,,4780,1911063.29,active
506,,1616,1681537.83,active
507,,4296,655204.59,active
508,,5298,223680.59,repaid
509,,1264,2664880.47,active
510,,2894,671458.63,repaid
511,,4347,2252353.63,defaulted
512,,2489,1789316.58,active
513,,1171,2554553.88,repaid
514,,3055,2225032.44,defaulted
515,,2671,258478.19,repaid
516,,2492,322846.65,active
517,,930,2647947.9,active
518,,3040,2959660.85,active
519,,3485,525399.96,repaid
520,,469,602816.68,repaid
521,,2077,432103.79,active
522,,1154,343565.96,defaulted
523,,4061,2440235.04,repaid
524,,2472,1145438.63,active
525,,549,930688.2,defaulted
526,,3743,1392221.77,repaid
527,,130,1363974.3,active
528,,3069,136153.01,repaid
529,,4077,1005575.68,repaid
530,,1978,2784640.59,active
531,,4291,2444997.73,active
532,,670,304612.04,repaid
533,,3837,376989.97,repaid
534,,3632,2340947.55,repaid
535,,1802,2329504.17,repaid
536,,5557,1647641.13,defaulted
537,,4280,2199985.63,defaulted
538,,1288,2455769.46,repaid
539,,4735,1519653.68,written_off
540,,4363,1658419.66,active
541,,974,677430.94,active
542,,2170,1520849.22,defaulted
543,,2657,531092.76,defaulted
544,,1561,2570260.95,active
545,,2785,1353103.53,active
546,,1580,1507181.66,repaid
547,,2754,492480.72,active
548,,4477,2896616.12,repaid
549,,2954,2294275.16,defaulted
550,,2212,1066748.59,written_off
551,,1984,2047997.38,repaid
552,,3368,2787166.78,repaid
553,,4687,1806570.4,active
554,,2392,533506.56,repaid
555,,476,1178543.94,active
556,,1621,1914522.68,active
557,,2861,812892.33,repaid
558,,1056,2636854.23,repaid
559,,1714,752208.07,repaid
560,,564,359748.74,active
561,,5218,2406847.11,active
562,,3510,2563629.58,active
563,,3220,2020579.9,active
564,,1826,91017.78,active
565,,532,222594.49,active
566,,4293,301814.02,active
567,,1814,2398029.21,active
568,,1705,1254427.32,active
569,,3823,2862569.27,defaulted
570,,4114,2750857.93,active
571,,4484,1892253.59,repaid
572,,2611,1817079.87,repaid
573,,2066,2929818.02,active
574,,3153,1968148.84,active
575,,3119,2349494.38,active
576,,1815,210085.83,defaulted
577,,4920,253777.13,written_off
578,,5545,2799691.13,active
579,,4442,830893.85,repaid
580,,4666,375360.97,active
581,,838,561411.48,active
582,,1060,1448305.7,repaid
583,,590,2793552.99,active
584,,1545,1619873.7,active
585,,957,1590189.65,repaid
586,,2928,2593409.16,active
587,,3979,1504063.62,repaid
588,,22,431352.67,repaid
589,,2583,632899.57,repaid
590,,5482,2764979.97,defaulted
591,,4324,2045039.3,repaid
592,,105,1163783.1,active
593,,2601,850922.63,active
594,,1774,1605033.84,repaid
595,,3790,2925635.46,active
596,,3468,2292711.75,active
597,,2873,870981.62,active
598,,2952,2656152.61,repaid
599,,3180,544439.23,active
600,,621,435538.43,active
601,,1453,2036504.21,active
602,,4507,2408217.92,repaid
603,,1648,2025329.69,repaid
604,,5295,524160.82,defaulted
605,,2936,792308.15,active
606,,3897,1730090.73,active
607,,2481,65020.05,active
608,,4570,2766248.42,repaid
609,,1822,2379160.94,active
610,,2430,329961.62,active
611,,178,1678756.61,repaid
612,,611,630534.78,defaulted
613,,924,2739281.77,active
614,,2289,1772160.78,active
615,,1407,2421746.41,defaulted
616,,2570,481471.37,repaid
617,,358,1951618.86,written_off
618,,1592,1119689.82,repaid
619,,635,2661449.09,repaid
620,,3408,709513.18,written_off
621,,2307,1178224.6,repaid
622,,5077,1425228.95,repaid
623,,5267,345326.14,repaid
624,,4597,82555.75,active
625,,3127,2649782.38,active
626,,2422,2822289.13,active
627,,3254,1085488.04,defaulted
628,,257,1712934.96,active
629,,1672,1845489.56,repaid
630,,3482,1495683.12,active
631,,614,793057.54,active
632,,5102,668583.49,written_off
633,,4409,365477.02,active
634,,215,746970.25,active
635,,5007,2022744.53,active
636,,1937,2215318.21,active
637,,2770,1802334.33,repaid
638,,4180,1969641.87,active
639,,4520,1691826.87,active
640,,203,2329081.85,active
641,,1083,713159.59,repaid
642,,1608,2955424.97,written_off
643,,52,2916068.79,repaid
644,,2387,2661471.08,repaid
645,,240,464722.61,written_off
646,,3101,1183318.67,defaulted
647,,2404,1736493.5,repaid
648,,5577,2787323.12,active
649,,3104,1965376.56,repaid
650,,2552,2560859.76,written_off
651,,5434,1238224.2,active
652,,5568,737586.38,written_off
653,,2268,1894612.29,repaid
654,,1563,577655.7,repaid
655,,1949,797755.3,active
656,,4278,597295.03,repaid
657,,3663,2772766.11,repaid
658,,1585,1456229.18,defaulted
659,,520,1123195.76,repaid
660,,2059,2295649.29,active
661,,5196,1732524.99,active
662,,2449,711290.37,repaid
663,,315,2692300.56,active
664,,4040,2450013.44,defaulted
665,,5381,1055281.47,active
666,,2610,2160767.35,defaulted
667,,2292,1716926.69,repaid
668,,3835,1835492.7,repaid
669,,3708,2840326.04,repaid
670,,4203,1198741.01,repaid
671,,835,1867016.48,written_off
672,,2280,2348433.79,active
673,,3032,445847.9,repaid
674,,2606,540684.73,active
675,,2691,2637338.73,defaulted
676,,3008,564568.81,active
677,,1700,2001377.34,active
678,,3347,1640492.34,repaid
679,,4010,1422784.6,repaid
680,,2386,1763534.83,active
681,,524,1812264.78,active
682,,4814,556878.27,active
683,,3551,458323.91,active
684,,5221,733836.99,repaid
685,,1345,2306788.48,active
686,,126,1122208.69,active
687,,3197,373207.03,defaulted
688,,418,698525.73,active
689,,3964,2132845.47,active
690,,1174,239009.42,active
691,,135,1443122.21,active
692,,678,2160241.24,defaulted
693,,3038,1458624.14,active
694,,1915,1598342.1,active
695,,2177,1743677.56,active
696,,5157,2598636.31,repaid
697,,1020,1584163.19,defaulted
698,,4489,1288633.03,repaid
699,,1850,1165399.93,active
700,,1948,169347.2,active
701,,1735,208499.65,repaid
702,,3883,2995214.58,active
703,,653,1442677.7,repaid
704,,4544,949513.92,repaid
705,,4862,336589.16,written_off
706,,2085,2423515.25,active
707,,1546,1583623.8,active
708,,97,1753402.89,active
709,,3148,1948086.67,written_off
710,,2635,2812700.26,defaulted
711,,2907,779577.68,repaid
712,,2834,1168447.54,active
713,,2474,1186260.44,repaid
714,,1597,749169.77,active
715,,3111,1547653.61,active
716,,2669,1927930.47,repaid
717,,4062,1523764.55,active
718,,5253,478532.29,repaid
719,,149,2260113.48,active
720,,4874,2212262.53,active
721,,3674,728266.61,repaid
722,,1150,2553103.97,defaulted
723,,341,1140334.91,defaulted
724,,872,478781.68,active
725,,4468,485764.65,active
726,,2933,581404.46,repaid
727,,3673,1337570.48,active
728,,5141,1278992.28,defaulted
729,,5371,2284968.01,active
730,,5258,2088666.69,active
731,,899,1959350.32,active
732,,976,1396836.22,active
733,,479,649587.61,active
734,,3668,770472.28,defaulted
735,,5147,453023.99,active
736,,3606,1731128.73,defaulted
737,,2913,1603975.08,defaulted
738,,4676,554150.68,active
739,,3410,2521603.25,active
740,,546,2114470.55,active
741,,5418,2369371.35,active
742,,2845,216031.76,repaid
743,,597,2679043.38,active
744,,793,2640148.18,active
745,,1051,2687192.08,active
746,,2759,837223.56,active
747,,5187,2166306.84,active
748,,4234,310605.42,active
749,,3145,2955557.31,repaid
750,,5075,2529296.2,active
751,,1106,2966068.73,repaid
752,,4407,1239088.6,written_off
753,,3936,146617.15,repaid
754,,4878,599828.33,repaid
755,,1151,852346.77,written_off
756,,3638,1020246.92,active
757,,2904,188994.57,active
758,,3325,2866458.82,active
759,,936,1522567.21,active
760,,4647,953516.4,repaid
761,,3190,393840.72,active
762,,2955,1561903.96,defaulted
763,,5398,1170922.36,defaulted
764,,158,1082520.25,active
765,,1740,1798395.17,active
766,,1328,2654819.58,active
767,,3049,621901.17,defaulted
768,,2067,2342468.63,active
769,,3591,943942.27,active
770,,1589,1517459.36,active
771,,2571,902449.26,defaulted
772,,2159,1214222.15,active
773,,4871,928275.79,repaid
774,,4232,1272075.39,active
775,,1062,982373.6,active
776,,2174,53977.71,active
777,,5348,2621968.34,active
778,,2723,2087917.63,active
779,,21,366330.59,defaulted
780,,2985,392709.21,active
781,,5310,2208505.07,active
782,,4027,2077838.42,active
783,,4267,2796594.92,active
784,,5105,2189067.49,active
785,,4957,2841851.49,defaulted
786,,1016,576504.86,defaulted
787,,2397,2128215.58,active
788,,3291,1754074.0,active
789,,1622,2055501.77,defaulted
790,,1139,2158857.64,active
791,,1341,2982040.8,defaulted
792,,1223,2868127.5,repaid
793,,4838,541259.48,active
794,,2144,205732.33,active
795,,3301,2373555.49,active
796,,3432,1253929.96,active
797,,363,138953.36,repaid
798,,690,418766.68,active
799,,2925,1842122.95,active
800,,3125,331301.55,active
801,,344,1892932.92,written_off
802,,1544,786609.53,repaid
803,,2240,992503.41,active
804,,5019,2870028.96,active
805,,4354,1006845.28,active
806,,4103,2054660.16,defaulted
807,,5476,2247693.73,active
808,,5521,431280.71,written_off
809,,1717,2611941.56,active
810,,894,1971697.01,defaulted
811,,23,247891.57,active
812,,259,1453586.01,active
813,,123,810936.53,active
814,,1492,1602657.14,active
815,,1416,1137042.53,active
816,,1812,1228089.1,active
817,,1654,2685354.08,active
818,,657,1466582.66,active
819,,2052,1865904.58,active
820,,5372,1989612.43,active
821,,4428,198509.07,repaid
822,,2786,2968745.96,defaulted
823,,2437,1560744.47,written_off
824,,5307,765610.19,repaid
825,,2662,233561.4,active
826,,3706,283583.16,defaulted
827,,255,2162424.34,active
828,,2987,2903357.09,active
829,,4456,2633245.14,active
830,,4003,1373469.49,active
831,,3683,1974808.74,active
832,,3963,247121.24,active
833,,2488,1507793.42,active
834,,694,1793674.39,active
835,,798,1421707.69,active
836,,2844,1418557.9,repaid
837,,3971,50651.55,active
838,,1300,112446.15,active
839,,4829,1526338.82,written_off
840,,104,559152.64,repaid
841,,311,1723580.07,active
842,,1309,505265.69,defaulted
843,,5587,241864.55,active
844,,3919,289875.24,active
845,,2073,966433.86,repaid
846,,3881,2689545.07,active
847,,3108,208632.57,active
848,,5280,600221.53,active
849,,326,61403.88,active
850,,4944,1381365.55,active
851,,1678,410159.04,repaid
852,,3039,2381558.48,repaid
853,,2647,179920.75,repaid
854,,3281,345699.37,defaulted
855,,329,542266.67,active
856,,4251,1621073.57,active
857,,3530,1024069.21,active
858,,2137,2234489.21,active
859,,1909,2503016.47,repaid
860,,333,2250668.85,active
861,,2005,505411.68,active
862,,5335,2746997.8,repaid
863,,5458,1908572.96,repaid
864,,37,571805.55,active
865,,1575,2637468.11,defaulted
866,,2599,708861.55,active
867,,990,60308.57,active
868,,1230,133915.55,repaid
869,,1820,2581554.21,active
870,,98,304983.55,repaid
871,,1322,185725.64,written_off
872,,3415,1006442.05,repaid
873,,3176,354895.84,repaid
874,,1332,1412963.16,defaulted
875,,2621,1479770.81,active
876,,3133,1087549.22,active
877,,742,2094022.36,repaid
878,,331,2753473.32,active
879,,2172,549078.39,defaulted
880,,3872,1390806.32,active
881,,3786,1791416.71,active
882,,272,676405.54,defaulted
883,,1214,2379509.82,active
884,,1014,1889770.33,active
885,,4167,2351119.07,defaulted
886,,3509,411007.43,active
887,,238,897267.31,active
888,,2729,348269.61,repaid
889,,4501,396442.25,active
890,,5556,558453.9,written_off
891,,2709,251926.32,defaulted
892,,4734,2249243.69,active
893,,5060,1821790.46,defaulted
894,,3699,2896656.83,active
895,,106,2817536.43,active
896,,2352,1847898.57,written_off
897,,3702,2640320.88,active
898,,3905,1006053.75,active
899,,1126,2543065.5,active
900,,1394,1395300.93,active
901,,514,2733573.84,repaid
902,,5416,1694691.88,active
903,,5370,2631163.82,repaid
904,,4748,1956069.39,repaid
905,,3413,1959628.17,repaid
906,,1451,2244676.21,defaulted
907,,5533,1579822.89,repaid
908,,423,2271377.98,repaid
909,,3756,1944363.38,defaulted
910,,3847,2361472.1,repaid
911,,4447,1412370.91,active
912,,1411,1359368.89,written_off
913,,5386,147175.79,active
914,,1118,940361.75,active
915,,2908,2111602.39,active
916,,5199,1474929.5,active
917,,2221,968619.74,repaid
918,,5162,471205.2,repaid
919,,1279,295052.13,repaid
920,,4578,1489472.42,repaid
921,,2103,399998.69,repaid
922,,935,1020803.17,active
923,,620,1692640.54,active
924,,2460,419294.66,active
925,,134,261545.12,active
926,,32,2197002.1,defaulted
927,,5495,2493504.03,repaid
928,,2976,450532.12,defaulted
929,,2282,2722157.82,defaulted
930,,1470,2326058.38,repaid
931,,3473,104341.09,repaid
932,,1723,2127597.26,repaid
933,,5358,1105814.92,repaid
934,,1195,840620.19,active
935,,1099,2339736.35,active
936,,535,2470565.69,active
937,,3151,2853316.41,active
938,,3960,2202530.71,repaid
939,,3402,2893883.46,repaid
940,,4982,1635719.07,active
941,,3028,1800657.6,repaid
942,,4983,1830809.01,active
943,,889,2371550.61,defaulted
944,,1609,2718513.14,active
945,,2787,2678307.78,active
946,,3224,2422718.6,defaulted
947,,1958,2279173.87,written_off
948,,3749,713765.05,repaid
949,,1342,651744.25,active
950,,2855,1700033.7,active
951,,2756,1445588.26,repaid
952,,3488,96552.43,repaid
953,,2339,1580044.12,active
954,,2912,1134679.14,active
955,,3691,250952.97,active
956,,3144,2806199.54,repaid
957,,869,2751191.89,repaid
958,,4870,1798901.34,repaid
959,,2593,1926780.24,written_off
960,,1086,2902861.18,active
961,,488,162030.56,repaid
962,,927,166772.79,active
963,,5122,2439689.45,repaid
964,,986,1640906.18,active
965,,3965,305462.14,repaid
966,,2711,1973229.75,active
967,,2901,836962.71,active
968,,2097,1629730.23,active
969,,2275,1380454.55,repaid
970,,2580,1455441.27,repaid
971,,313,694649.9,active
972,,4918,2179973.48,active
973,,1849,2388981.27,repaid
974,,3659,1101317.97,active
975,,1110,1220101.91,active
976,,1522,720405.52,active
977,,2414,83262.18,repaid
978,,3270,2131015.35,active
979,,2687,681713.29,active
980,,2591,627540.4,active
981,,4888,931684.36,active
982,,3552,733877.25,active
983,,3930,560152.46,active
984,,4195,1719005.72,defaulted
985,,3214,1301824.67,repaid
986,,3828,1691060.42,defaulted
987,,2832,2774678.78,repaid
988,,4840,290627.59,active
989,,3099,2891471.94,repaid
990,,5388,1762660.41,repaid
991,,1379,64663.42,repaid
992,,3602,1578673.58,active
993,,5574,2352385.49,active
994,,222,134420.58,active
995,,2020,2361237.34,defaulted
996,,3141,2139773.47,active
997,,4831,781490.02,repaid
998,,5168,1426263.05,repaid
999,,2378,964601.22,defaulted
1000,,2072,108565.5,repaid
1001,,284,2202705.46,active
1002,,3522,1994054.89,repaid
1003,,2791,1369060.28,active
1004,,4667,2221953.72,active
1005,,54,2369055.22,active
1006,,2507,2638341.82,defaulted
1007,,3800,1749734.49,repaid
1008,,2697,2267940.71,active
1009,,3140,464967.94,active
1010,,1533,1687017.23,repaid
1011,,5444,270676.47,active
1012,,841,994432.69,active
1013,,432,1990602.47,active
1014,,4759,501974.52,written_off
1015,,4200,1624954.82,written_off
1016,,3775,1734018.98,repaid
1017,,5497,2054950.86,repaid
1018,,1381,318176.83,active
1019,,1217,2010385.24,active
1020,,4397,380692.42,active
1021,,2243,2027010.85,active
1022,,153,2560341.06,active
1023,,1257,977120.63,active
1024,,2721,1616899.39,active
1025,,956,1666195.86,active
1026,,1918,651282.67,defaulted
1027,,2974,1008968.55,active
1028,,5121,2152610.79,active
1029,,419,1461692.75,repaid
1030,,5035,1932114.96,repaid
1031,,3671,2449538.39,repaid
1032,,1377,1411059.2,defaulted
1033,,1376,915844.25,repaid
1034,,2825,2598338.71,repaid
1035,,25,2420914.9,active
1036,,225,2452060.96,active
1037,,884,1069218.33,defaulted
1038,,287,2834409.03,repaid
1039,,2009,2322588.27,active
1040,,1025,1300473.72,written_off
1041,,1766,2250005.49,repaid
1042,,1528,1419451.37,written_off
1043,,3537,1201655.55,active
1044,,1427,2177738.92,active
1045,,229,1207760.76,active
1046,,3787,390304.5,active
1047,,5328,977510.87,repaid
1048,,3233,1831104.84,repaid
1049,,1555,2623427.03,active
1050,,3232,1166315.57,active
1051,,4465,1604454.88,active
1052,,1053,2445866.31,repaid
1053,,1320,1383658.04,repaid
1054,,3609,2166133.73,active
1055,,4192,2217878.4,active
1056,,416,942607.58,active
1057,,1133,1161934.69,repaid
1058,,745,1742128.83,active
1059,,5239,172037.43,active
1060,,1113,1556719.74,active
1061,,4629,2904346.24,defaulted
1062,,4679,258766.4,repaid
1063,,3442,1702558.29,active
1064,,2034,2290751.19,written_off
1065,,3519,2104639.79,defaulted
1066,,5176,1757787.65,repaid
1067,,4753,2681626.57,repaid
1068,,5238,2570839.33,active
1069,,4850,2958612.73,active
1070,,157,613172.78,active
1071,,2321,1876519.3,active
1072,,1135,225645.94,repaid
1073,,2226,2181073.56,active
1074,,4746,2696884.48,repaid
1075,,2775,813344.92,active
1076,,4613,1260218.69,defaulted
1077,,3187,2943130.33,repaid
1078,,2019,2486531.28,repaid
1079,,1947,179430.0,active
1080,,5317,2200578.91,repaid
1081,,3403,581848.46,defaulted
1082,,780,524408.47,active
1083,,3572,99587.63,repaid
1084,,1063,2337476.13,repaid
1085,,3874,2386077.5,active
1086,,1158,2290932.89,active
1087,,3046,1469660.92,active
1088,,1327,1278120.68,repaid
1089,,144,1373674.49,active
1090,,4736,2641919.02,repaid
1091,,5411,1016872.17,repaid
1092,,3452,2506599.86,active
1093,,2438,1000938.34,repaid
1094,,2454,1622145.84,active
1095,,2852,2041252.89,active
1096,,4835,545991.11,active
1097,,4093,2321206.95,active
1098,,4663,2761217.9,defaulted
1099,,4791,1272458.2,active
1100,,2447,1412651.17,active
1101,,2696,2076228.7,active
1102,,3850,2062985.79,active
1103,,3425,2555107.97,active
1104,,2441,750540.89,active
1105,,4657,2772383.78,active
1106,,5532,651229.06,active
1107,,5053,2239704.94,active
1108,,4809,1386675.86,active
1109,,3037,300456.43,written_off
1110,,2520,905886.55,active
1111,,1992,2079472.43,active
1112,,1198,1784710.2,active
1113,,3555,2410602.81,active
1114,,82,2347627.34,defaulted
1115,,5216,879504.3,active
1116,,4826,1001808.6,repaid
1117,,2905,323395.09,defaulted
1118,,4727,2396378.7,active
1119,,2196,727616.01,active
1120,,917,289630.22,defaulted
1121,,2373,2891250.63,active
1122,,1075,1632120.32,repaid
1123,,3086,1750027.53,repaid
1124,,4303,348125.28,active
1125,,16,1811039.12,repaid
1126,,2869,2530145.31,written_off
1127,,3527,1058785.92,active
1128,,3105,2711776.07,active
1129,,2771,1115395.19,active
1130,,844,2454480.24,active
1131,,3088,2142170.41,active
1132,,2769,1763920.85,active
1133,,246,1707217.93,active
1134,,1385,2232142.5,active
1135,,3962,1853019.04,active
1136,,4810,726874.93,active
1137,,3949,2651913.23,repaid
1138,,3637,2215441.27,repaid
1139,,5260,113363.0,repaid
1140,,1346,2044153.73,repaid
1141,,4795,1374664.58,active
1142,,3035,839272.0,active
1143,,2484,517635.43,active
1144,,3128,2952192.96,active
1145,,1881,416821.03,defaulted
1146,,266,2563194.28,repaid
1147,,587,2300008.97,repaid
1148,,3480,2020606.72,active
1149,,379,2996410.41,active
1150,,4752,2905117.16,active
1151,,2972,80678.57,repaid
1152,,1305,1280754.85,active
1153,,1507,956692.84,active
1154,,4852,2257408.86,repaid
1155,,4190,799442.07,active
1156,,2000,2324327.8,repaid
1157,,3436,2774471.66,active
1158,,356,2142629.03,active
1159,,4945,2111211.66,repaid
1160,,776,1599646.49,repaid
1161,,682,1716321.68,repaid
1162,,743,996149.83,active
1163,,1293,538656.69,active
1164,,1618,2923336.4,written_off
1165,,5251,1823650.54,written_off
1166,,5164,2492313.08,active
1167,,2516,1594849.06,active
1168,,3131,1914681.39,repaid
1169,,3041,110685.82,active
1170,,2813,513124.81,active
1171,,4565,999699.58,repaid
1172,,1487,926874.9,active
1173,,1272,2161681.04,active
1174,,3658,2828651.98,defaulted
1175,,4201,2793280.17,active
1176,,5143,1466162.22,defaulted
1177,,5539,957252.07,active
1178,,3812,1902483.32,repaid
1179,,5580,984492.11,written_off
1180,,3241,1354897.0,active
1181,,4221,1779711.36,active
1182,,2508,2867365.29,active
1183,,4048,2882606.71,defaulted
1184,,2878,319846.81,repaid
1185,,4223,351345.58,active
1186,,50,2589188.51,defaulted
1187,,4083,2057417.63,active
1188,,1273,973540.45,active
1189,,777,1179771.44,active
1190,,4076,1298070.88,active
1191,,871,635999.04,active
1192,,3416,1113159.7,active
1193,,5107,1431505.05,active
1194,,1742,2742987.99,active
1195,,1435,2349643.07,active
1196,,1619,1975030.51,active
1197,,3248,1793512.77,active
1198,,3599,868773.66,repaid
1199,,5264,1023221.22,active
1200,,309,1167438.42,active
1201,,4486,2765816.11,repaid
1202,,2755,2796899.82,repaid
1203,,931,1722916.69,active
1204,,4044,810269.59,repaid
1205,,1806,1095411.91,repaid
1206,,4332,364266.55,active
1207,,4227,2834590.62,repaid
1208,,4923,332664.16,active
1209,,1910,771520.94,active
1210,,4742,192676.86,active
1211,,3314,1039636.55,active
1212,,2670,523180.83,repaid
1213,,357,2603608.47,repaid
1214,,1256,1996776.18,active
1215,,3677,962202.95,active
1216,,4375,716465.0,defaulted
1217,,771,861073.98,repaid
1218,,4023,2662716.22,active
1219,,628,2217031.75,defaulted
1220,,4394,2277594.87,active
1221,,2990,1306536.02,repaid
1222,,2428,577136.4,active
1223,,4193,786372.89,active
1224,,4158,52244.15,defaulted
1225,,4698,2929456.17,active
1226,,5062,858000.42,active
1227,,1865,765743.59,repaid
1228,,1931,51977.6,defaulted
1229,,4298,1219320.27,repaid
1230,,467,2361559.14,active
1231,,1790,1405659.72,active
1232,,4937,1776673.09,active
1233,,993,1305638.73,repaid
1234,,2335,206772.43,active
1235,,345,482565.99,repaid
1236,,3428,649493.1,active
1237,,3541,2435711.45,defaulted
1238,,4355,2296491.58,repaid
1239,,4426,1719210.07,repaid
1240,,4057,2091181.84,active
1241,,2616,335216.85,active
1242,,2666,2768585.73,repaid
1243,,3058,2572741.84,defaulted
1244,,4367,473400.74,repaid
1245,,1564,1344535.99,repaid
1246,,4697,2434267.42,active
1247,,2742,599795.15,defaulted
1248,,5274,1429324.47,repaid
1249,,4176,1985006.94,repaid
1250,,3912,1500964.13,active
1251,,2294,2757969.92,active
1252,,895,1991085.0,repaid
1253,,4635,326188.89,repaid
1254,,4352,2429143.84,written_off
1255,,5443,116994.55,active
1256,,5248,1490725.31,active
1257,,688,1987516.0,active
1258,,2970,2610692.32,active
1259,,2232,2644429.13,defaulted
1260,,2853,2570560.66,repaid
1261,,3639,805983.06,repaid
1262,,3607,2815897.15,active
1263,,2199,2374674.44,repaid
1264,,577,2426409.69,active
1265,,4848,642745.14,repaid
1266,,452,476566.03,active
1267,,4881,1062481.37,active
1268,,2191,826679.07,repaid
1269,,667,2350667.0,repaid
1270,,2061,1681921.64,active
1271,,2998,2791799.45,repaid
1272,,2651,2517101.46,defaulted
1273,,2889,759364.91,active
1274,,1593,211036.93,active
1275,,4970,322454.69,repaid
1276,,4873,642376.23,written_off
1277,,5067,2160839.53,active
1278,,2106,2968515.12,active
1279,,1178,97251.84,repaid
1280,,1359,1295895.08,defaulted
1281,,3182,1416262.76,defaulted
1282,,3622,1996097.72,active
1283,,2993,952220.3,active
1284,,2829,788669.77,active
1285,,3578,2841207.41,repaid
1286,,4323,1314375.2,written_off
1287,,1165,2021275.5,active
1288,,943,1320333.65,active
1289,,1140,909665.37,written_off
1290,,4987,1805316.2,active
1291,,4720,1595838.78,repaid
1292,,4253,303806.18,repaid
1293,,3382,2687015.36,repaid
1294,,141,2709331.56,repaid
1295,,3392,868903.01,repaid
1296,,4274,769090.02,active
1297,,2971,2135281.15,active
1298,,2644,1339932.73,repaid
1299,,140,2243072.48,active
1300,,3616,2540494.31,active
1301,,2561,1000096.78,repaid
1302,,1278,2365202.63,active
1303,,4528,2907100.6,active
1304,,3047,238143.59,active
1305,,998,282515.14,active
1306,,3,1240415.08,active
1307,,4777,2524110.43,active
1308,,2228,2688613.94,repaid
1309,,4652,280537.92,defaulted
1310,,3650,1224466.06,active
1311,,1287,1124242.92,active
1312,,2573,281070.21,active
1313,,3080,559846.41,active
1314,,1308,1365003.13,repaid
1315,,3997,1972293.78,repaid
1316,,3118,2801062.34,repaid
1317,,2846,2538518.79,active
1318,,428,2101454.81,active
1319,,810,1095695.88,defaulted
1320,,1514,1506404.4,written_off
1321,,1167,1923284.55,active
1322,,1762,1510701.66,defaulted
1323,,2605,1289393.78,active
1324,,1349,2340754.59,active
1325,,3462,1508886.55,repaid
1326,,1861,2415047.91,active
1327,,4414,2831043.14,active
1328,,1874,1823911.56,repaid
1329,,1703,604702.22,written_off
1330,,3065,1520291.65,active
1331,,1939,91132.58,active
1332,,2341,2558899.71,repaid
1333,,4380,2634035.23,defaulted
1334,,41,278183.12,repaid
1335,,2800,529792.02,repaid
1336,,5312,2353446.46,defaulted
1337,,712,2627852.04,active
1338,,3015,2828955.56,active
1339,,5119,2685044.06,repaid
1340,,5095,2654352.48,defaulted
1341,,258,995535.71,written_off
1342,,3831,2476924.57,active
1343,,1497,2175399.51,repaid
1344,,382,414327.74,active
1345,,775,1934349.48,repaid
1346,,173,226852.03,active
1347,,3729,327912.63,active
1348,,3490,2849289.01,repaid
1349,,3054,508099.56,active
1350,,4349,1568734.96,active
1351,,2218,2242633.6,active
1352,,3778,1507870.22,repaid
1353,,753,591344.5,defaulted
1354,,3189,2602218.78,active
1355,,4162,529758.05,active
1356,,2738,1392673.28,active
1357,,1201,1731140.27,active
1358,,1746,275635.07,repaid
1359,,368,1074984.78,repaid
1360,,3339,2109879.61,active
1361,,2408,126831.53,repaid
1362,,2348,2912419.8,active
1363,,71,543607.3,repaid
1364,,4457,2868303.95,active
1365,,2772,501643.43,repaid
1366,,1840,691932.66,active
1367,,383,2172686.15,active
1368,,603,73769.92,repaid
1369,,2269,1241403.94,repaid
1370,,2688,1160271.4,active
1371,,4606,201148.93,repaid
1372,,787,2112797.49,defaulted
1373,,3843,2640226.49,active
1374,,4439,1603396.1,active
1375,,3330,1045229.65,active
1376,,1392,295469.59,active
1377,,4743,1368011.37,active
1378,,2753,1414338.73,active
1379,,3235,358361.44,repaid
1380,,736,463513.19,repaid
1381,,116,2117595.71,repaid
1382,,5150,2075542.87,repaid
1383,,366,2658303.75,written_off
1384,,2128,2151469.61,active
1385,,3703,1265055.09,active
1386,,4421,423332.63,active
1387,,5037,815480.26,repaid
1388,,2794,2098592.13,repaid
1389,,2854,2714528.72,repaid
1390,,1640,1288821.7,active
1391,,4660,212429.98,active
1392,,4592,1918501.74,repaid
1393,,4959,1462424.13,defaulted
1394,,1362,2354239.2,repaid
1395,,3726,1185097.84,defaulted
1396,,3893,2416446.53,active
1397,,1380,659480.24,repaid
1398,,663,1958643.71,active
1399,,1001,1358342.75,repaid
1400,,3404,648724.75,written_off
1401,,4139,2075421.51,active
1402,,1819,391527.34,active
1403,,892,1816935.24,repaid
1404,,2953,2458383.65,defaulted
1405,,3861,2717035.67,written_off
1406,,4778,2176552.87,active
1407,,2400,2023370.71,repaid
1408,,1796,2351583.5,defaulted
1409,,509,574915.3,active
1410,,1419,1707559.39,active
1411,,1371,1777629.87,repaid
1412,,5297,2204188.11,defaulted
1413,,1459,82151.14,active
1414,,3700,1703494.64,active
1415,,2639,883749.95,repaid
1416,,994,1755019.47,repaid
1417,,2539,1051725.2,active
1418,,3497,282543.09,repaid
1419,,1048,2744351.85,written_off
1420,,904,2252455.97,active
1421,,3748,846650.67,active
1422,,1187,369476.22,defaulted
1423,,3493,1573494.5,defaulted
1424,,2505,2947822.34,active
1425,,2730,981569.11,repaid
1426,,2262,2005303.67,active
1427,,511,1396126.06,active
1428,,4630,515628.4,active
1429,,4815,414105.31,repaid
1430,,3989,1228279.38,defaulted
1431,,3113,1631808.17,repaid
1432,,1798,2972757.47,active
1433,,951,2383880.21,active
1434,,2379,1844778.26,repaid
1435,,3345,246197.05,defaulted
1436,,1869,2945670.01,active
1437,,1491,1626724.33,active
1438,,1494,352465.02,active
1439,,819,2358073.98,written_off
1440,,1745,1908623.23,repaid
1441,,3222,2581256.58,repaid
1442,,3820,238027.78,active
1443,,3621,1236818.96,active
1444,,4091,1763618.31,repaid
1445,,926,2502959.37,active
1446,,2886,89345.57,repaid
1447,,2625,1929475.43,active
1448,,2380,122332.1,active
1449,,4681,1873650.32,repaid
1450,,4530,2559213.09,active
1451,,4701,2014946.52,active
1452,,446,2975420.33,active
1453,,1080,1094225.06,repaid
1454,,2590,2129944.95,repaid
1455,,2891,1378575.41,active
1456,,5437,271138.89,active
1457,,3647,1482875.83,repaid
1458,,3123,1339024.18,repaid
1459,,2870,952195.3,repaid
1460,,3050,300562.7,active
1461,,3424,1146435.9,active
1462,,2483,1320839.48,repaid
1463,,3129,74610.66,active
1464,,4513,1443285.87,active
1465,,4495,358235.0,repaid
1466,,2589,2311653.03,active
1467,,5256,512799.68,defaulted
1468,,161,304664.92,repaid
1469,,1410,1819575.61,defaulted
1470,,1827,2287000.82,repaid
1471,,5364,485386.99,active
1472,,2188,1717565.07,active
1473,,65,2991435.96,repaid
1474,,4832,2159760.49,repaid
1475,,2340,1584108.02,repaid
1476,,4017,2148510.54,active
1477,,4757,843889.63,repaid
1478,,1871,2219161.12,active
1479,,719,1767099.83,active
1480,,250,1954239.79,repaid
1481,,565,632051.03,repaid
1482,,3939,277427.02,active
1483,,2334,2831328.61,repaid
1484,,2795,651205.16,active
1485,,1065,612343.14,active
1486,,5509,1909269.71,active
1487,,2839,2324264.09,active
1488,,3913,1975509.41,written_off
1489,,4171,1439688.76,active
1490,,4880,1221495.44,written_off
1491,,5373,1576198.51,repaid
1492,,1878,222171.42,active
1493,,1463,253072.06,active
1494,,1402,1059206.51,written_off
1495,,2916,2202727.98,active
1496,,4765,2525491.4,repaid
1497,,5334,630121.37,defaulted
1498,,4182,2237217.92,repaid
1499,,2346,2271881.06,repaid
1500,,1439,114234.81,repaid
1501,,5576,779197.85,repaid
1502,,5139,1157055.38,active
1503,,201,2306929.19,repaid
1504,,3560,2915617.35,active
1505,,1716,2346758.65,repaid
1506,,5299,2364092.45,active
1507,,1611,2506914.81,active
1508,,2410,1262786.61,active
1509,,735,785083.43,repaid
1510,,5092,1965117.65,written_off
1511,,5340,1275622.63,active
1512,,5082,1022870.8,repaid
1513,,4483,1095967.3,defaulted
1514,,2734,1212855.65,active
1515,,4239,2261318.59,active
1516,,1737,109180.46,written_off
1517,,3087,1494904.26,written_off
1518,,364,2540462.08,active
1519,,465,2200166.89,repaid
1520,,3653,2336158.29,repaid
1521,,4396,1252709.28,active
1522,,3244,945143.77,active
1523,,808,403941.54,active
1524,,3018,2835604.06,active
1525,,3204,638283.41,written_off
1526,,5552,2449020.61,defaulted
1527,,4517,2873226.45,active
1528,,576,2514213.44,repaid
1529,,641,2173564.65,repaid
1530,,596,1177684.86,repaid
1531,,3439,1309554.3,active
1532,,4333,207332.14,repaid
1533,,4177,1647854.03,active
1534,,3934,2928328.38,repaid
1535,,2648,1055620.98,repaid
1536,,1496,389791.26,repaid
1537,,330,2436158.47,active
1538,,5527,2606693.52,active
1539,,4099,293357.51,active
1540,,4704,2451169.99,defaulted
1541,,4384,1322330.06,repaid
1542,,2576,260356.95,active
1543,,461,520137.74,repaid
1544,,4004,948771.15,active
1545,,1842,103413.05,repaid
1546,,2767,622806.76,active
1547,,4731,2336846.23,defaulted
1548,,499,1802975.76,active
1549,,2765,2963471.57,active
1550,,2421,1582635.74,active
1551,,297,2052104.8,repaid
1552,,3419,996323.51,repaid
1553,,1942,1485739.43,active
1554,,1960,855370.68,repaid
1555,,3351,796048.56,defaulted
1556,,4098,1936340.54,defaulted
1557,,3915,591075.23,active
1558,,109,127194.39,active
1559,,2917,2430914.14,repaid
1560,,636,162108.3,active
1561,,3842,115773.06,active
1562,,3290,2951455.01,defaulted
1563,,2092,293052.2,active
1564,,197,1659155.54,active
1565,,1659,346172.6,repaid
1566,,2632,2883626.99,repaid
1567,,53,2388254.5,active
1568,,5291,2354950.3,active
1569,15446,,1930932.25,active
1570,34551,,1889057.72,defaulted
1571,36211,,3634451.45,active
1572,13126,,4051125.92,active
1573,11454,,2121265.66,repaid
1574,17861,,3259243.23,written_off
1575,30886,,120666.2,active
1576,22588,,2624456.3,repaid
1577,6734,,2237370.4,active
1578,21861,,1446872.87,active
1579,24190,,2068567.5,repaid
1580,8440,,575324.49,active
1581,13326,,2763998.82,repaid
1582,38944,,167173.83,repaid
1583,33669,,4085133.45,repaid
1584,15611,,3344746.44,active
1585,19674,,914440.37,repaid
1586,2636,,1327395.71,written_off
1587,28060,,848028.41,repaid
1588,25806,,3543559.8,active
1589,23999,,1988670.84,active
1590,173,,1451343.37,repaid
1591,5182,,1347993.96,defaulted
1592,34595,,195893.64,active
1593,19806,,2103691.72,active
1594,23297,,2318998.67,active
1595,2705,,4695958.27,active
1596,36119,,4650838.97,active
1597,30453,,1880174.34,active
1598,37734,,244471.33,written_off
1599,24494,,4627993.11,repaid
1600,21276,,1107079.64,defaulted
1601,2622,,1300093.17,active
1602,4236,,4087268.39,active
1603,13786,,3071661.3,defaulted
1604,13295,,2250214.84,repaid
1605,32333,,661058.92,written_off
1606,10973,,1798513.42,written_off
1607,4929,,1730962.81,repaid
1608,29490,,2287527.5,written_off
1609,6597,,4853353.3,written_off
1610,29129,,4389366.99,active
1611,18217,,246769.14,repaid
1612,25172,,854093.74,active
1613,142,,1863917.76,active
1614,22116,,991677.45,repaid
1615,29400,,4874590.29,active
1616,39081,,2899720.71,active
1617,15050,,2307288.07,repaid
1618,30612,,1639206.76,defaulted
1619,19926,,3136731.36,active
1620,4413,,1319862.08,repaid
1621,16478,,1699854.09,active
1622,26467,,1841168.66,active
1623,28243,,3992645.86,active
1624,19739,,1038252.53,active
1625,26498,,2709451.97,repaid
1626,7109,,3618643.19,active
1627,21161,,1601945.38,active
1628,7019,,353679.86,active
1629,18671,,3787428.79,repaid
1630,36487,,3728596.38,repaid
1631,2428,,4901416.73,active
1632,9730,,2849929.18,repaid
1633,37140,,4524655.61,active
1634,8879,,727421.65,active
1635,33445,,2804211.62,active
1636,17438,,1694975.64,active
1637,917,,4992691.3,active
1638,21686,,3191383.69,defaulted
1639,27509,,2924293.19,repaid
1640,22579,,3923286.56,repaid
1641,19176,,2890041.73,active
1642,224,,2391711.45,active
1643,34742,,2745350.48,active
1644,4199,,1322948.74,written_off
1645,12900,,3862769.38,active
1646,14033,,3173889.64,active
1647,18372,,2388376.7,active
1648,27670,,635103.67,repaid
1649,24640,,4154902.23,repaid
1650,4555,,1765971.1,active
1651,32879,,4905457.11,written_off
1652,20063,,3784464.81,active
1653,14277,,3441548.31,defaulted
1654,24280,,564690.78,active
1655,35079,,3782198.56,active
1656,18995,,2464670.42,active
1657,17337,,1990747.84,active
1658,11889,,2908011.73,active
1659,27512,,2966405.05,active
1660,28510,,114739.02,written_off
1661,14544,,868646.03,active
1662,27376,,4800763.08,active
1663,38770,,379450.85,repaid
1664,17564,,1832426.94,active
1665,28784,,3049317.1,active
1666,15032,,3497960.25,active
1667,22297,,2531830.4,active
1668,38276,,3870634.28,active
1669,14673,,4156881.68,active
1670,8670,,3210199.24,repaid
1671,27085,,1789236.6,active
1672,26252,,3165567.17,active
1673,1972,,241092.16,active
1674,11805,,3383355.22,defaulted
1675,3986,,1039556.11,written_off
1676,16419,,1550935.69,active
1677,818,,3868160.95,active
1678,28254,,4299406.39,repaid
1679,37830,,4247202.42,active
1680,39858,,1587109.1,active
1681,31702,,1798291.15,active
1682,21705,,1483802.64,repaid
1683,34915,,920056.56,active
1684,39930,,452891.45,repaid
1685,1884,,3895689.21,active
1686,7130,,1855892.86,active
1687,23180,,1484065.71,active
1688,19975,,2986113.26,active
1689,13546,,1504445.46,active
1690,14430,,4185742.16,active
1691,30946,,4195220.79,active
1692,13733,,3647554.62,active
1693,1151,,2685072.6,active
1694,9803,,2246321.29,repaid
1695,38026,,447419.47,written_off
1696,8276,,1581877.29,active
1697,8360,,1180472.29,defaulted
1698,15942,,3318255.49,repaid
1699,5499,,3505362.03,repaid
1700,39594,,3028688.33,active
1701,27448,,2434546.91,active
1702,5312,,2443051.8,written_off
1703,9161,,4374027.18,active
1704,35751,,1351265.42,active
1705,13934,,2076555.18,active
1706,7638,,3556266.25,active
1707,15410,,149501.19,active
1708,22351,,1528925.71,active
1709,32892,,174641.31,defaulted
1710,12298,,4766919.67,repaid
1711,5787,,473473.32,defaulted
1712,5166,,303178.19,defaulted
1713,25753,,3842223.99,active
1714,25161,,2692460.92,repaid
1715,4405,,4102877.46,active
1716,15258,,969126.02,active
1717,6751,,2604187.96,active
1718,26581,,4878520.96,active
1719,17201,,4543906.52,active
1720,14109,,2137813.44,active
1721,16856,,1052083.0,repaid
1722,3689,,3089010.91,active
1723,35823,,4787683.08,active
1724,31188,,2235212.44,repaid
1725,19031,,3664608.7,active
1726,29597,,4016688.91,repaid
1727,35573,,1168898.15,repaid
1728,15811,,4758984.64,repaid
1729,26922,,1926870.59,active
1730,4938,,3701489.35,repaid
1731,18997,,2932693.88,active
1732,14789,,3697269.04,active
1733,29351,,1966990.21,defaulted
1734,36746,,3611056.3,active
1735,24682,,4931174.97,repaid
1736,18459,,4056768.55,active
1737,437,,1645031.91,active
1738,33117,,1428110.2,active
1739,17555,,3921547.88,active
1740,309,,2581667.21,defaulted
1741,36074,,606616.41,active
1742,15488,,775429.09,repaid
1743,11478,,1219472.92,active
1744,12477,,1579354.14,repaid
1745,35926,,2470805.38,active
1746,39610,,4079139.93,active
1747,38710,,4312887.2,active
1748,11269,,4369206.75,active
1749,5911,,2759232.91,repaid
1750,20877,,2077550.28,defaulted
1751,21627,,4117161.68,active
1752,32283,,513873.7,active
1753,2573,,4488766.74,active
1754,12573,,3265055.78,active
1755,32715,,2360465.76,active
1756,30163,,3619478.76,defaulted
1757,685,,1986962.54,active
1758,14969,,2963399.4,repaid
1759,8672,,1975282.81,repaid
1760,39117,,1425761.58,repaid
1761,31498,,4560870.24,active
1762,3316,,143258.84,repaid
1763,18716,,3344818.82,defaulted
1764,25637,,2669324.01,repaid
1765,25218,,4498653.62,active
1766,12403,,163233.63,active
1767,14754,,1050304.94,repaid
1768,3034,,1539986.6,active
1769,16663,,1315815.09,defaulted
1770,23262,,1444004.93,active
1771,26093,,4366018.23,active
1772,5138,,520844.13,defaulted
1773,28749,,1004347.73,defaulted
1774,9037,,1682705.13,active
1775,17362,,4480365.22,active
1776,14690,,4404601.73,active
1777,7558,,3600023.39,active
1778,5844,,4081503.16,active
1779,22735,,3441899.45,active
1780,30458,,2727664.27,active
1781,22286,,3685326.93,active
1782,3818,,2372621.02,active
1783,33078,,2810784.67,active
1784,1137,,2067352.38,active
1785,19533,,500349.69,repaid
1786,1359,,979249.54,defaulted
1787,6172,,4205403.91,defaulted
1788,21920,,1111661.45,defaulted
1789,4589,,3130062.49,defaulted
1790,8757,,2868333.43,active
1791,7822,,3998328.22,repaid
1792,33224,,1940882.59,active
1793,20206,,1130984.35,repaid
1794,1862,,2357073.74,written_off
1795,8537,,2864457.84,repaid
1796,34674,,498548.49,active
1797,34923,,1567711.22,defaulted
1798,5172,,2460215.23,repaid
1799,21204,,4075583.0,active
1800,4303,,1859311.58,repaid
1801,21116,,109783.19,repaid
1802,3886,,466040.79,active
1803,20290,,3817130.89,repaid
1804,39544,,3606048.01,active
1805,39052,,4100002.13,active
1806,30607,,2384496.04,active
1807,25830,,1961737.47,active
1808,29259,,595388.06,active
1809,26029,,777407.61,active
1810,13014,,290967.39,active
1811,4473,,2837038.92,active
1812,2651,,3580259.3,defaulted
1813,30674,,3110541.42,repaid
1814,21065,,3998983.28,active
1815,7838,,561962.72,active
1816,6555,,1014795.37,active
1817,24743,,4212818.66,active
1818,2625,,2005469.66,repaid
1819,27311,,528385.69,active
1820,13234,,2694611.79,active
1821,824,,2901148.21,written_off
1822,15006,,1554744.25,defaulted
1823,23847,,795461.44,active
1824,36101,,2017230.17,active
1825,21553,,4574009.04,repaid
1826,2841,,1462011.51,active
1827,12727,,1854067.08,repaid
1828,32143,,1847472.25,active
1829,458,,2866828.7,written_off
1830,3352,,1533511.49,active
1831,4097,,1267176.77,defaulted
1832,31650,,439891.21,defaulted
1833,23375,,187474.74,active
1834,10343,,3502093.4,written_off
1835,12921,,1605707.45,active
1836,17522,,4631243.52,repaid
1837,17096,,4185705.69,active
1838,5768,,1411380.96,defaulted
1839,33495,,2238554.6,active
1840,37173,,1852352.27,active
1841,19182,,1467213.41,defaulted
1842,2620,,1559663.68,repaid
1843,18818,,2637156.75,written_off
1844,15165,,3816370.49,repaid
1845,5214,,4553267.68,active
1846,912,,2849737.69,repaid
1847,15217,,3346863.62,active
1848,14010,,2778636.89,active
1849,20996,,2690882.78,active
1850,23934,,2104441.4,repaid
1851,8162,,797850.01,defaulted
1852,5851,,3253806.72,active
1853,28557,,910966.45,defaulted
1854,10664,,3424791.18,active
1855,23798,,3575497.94,active
1856,38873,,2140361.92,active
1857,18451,,3247708.97,active
1858,8732,,3021087.58,active
1859,29717,,1456715.92,written_off
1860,5097,,2966963.36,active
1861,14945,,2312491.88,active
1862,14123,,3575284.39,active
1863,15794,,818307.47,active
1864,3626,,2436392.96,active
1865,34135,,3277168.41,repaid
1866,38950,,2460333.58,active
1867,6168,,1412315.93,active
1868,6590,,1602271.14,active
1869,22035,,4476401.34,repaid
1870,4099,,2310291.46,repaid
1871,2808,,2635306.66,defaulted
1872,25205,,164186.93,repaid
1873,27848,,329806.98,active
1874,3707,,1205442.59,active
1875,37462,,2970528.09,repaid
1876,14929,,1731566.09,repaid
1877,38045,,1455806.62,repaid
1878,39280,,2864568.46,active
1879,22413,,3230282.19,active
1880,21721,,3002810.45,written_off
1881,38439,,3682654.55,repaid
1882,9745,,3906640.88,active
1883,21015,,1064654.92,defaulted
1884,5554,,4981640.74,defaulted
1885,20264,,4976044.34,repaid
1886,18395,,3175729.18,active
1887,37084,,2052823.3,active
1888,10139,,1531288.59,repaid
1889,17103,,3613207.77,repaid
1890,19216,,3545959.07,defaulted
1891,17552,,2564573.34,repaid
1892,35643,,4540694.69,active
1893,23916,,190032.17,active
1894,38215,,2390884.86,active
1895,7483,,3788685.29,defaulted
1896,15581,,816083.93,repaid
1897,19139,,4789268.75,active
1898,24930,,2639866.18,active
1899,12242,,2248391.41,active
1900,33942,,2973367.2,active
1901,35921,,4122755.44,active
1902,5445,,678672.66,defaulted
1903,32700,,1605711.9,active
1904,10866,,1979507.56,active
1905,2004,,1961677.98,active
1906,35684,,604499.46,repaid
1907,3008,,3942969.2,repaid
1908,30080,,2370259.94,repaid
1909,19153,,1935834.01,active
1910,27715,,1727259.61,repaid
1911,36504,,4159015.98,repaid
1912,28273,,4678112.07,written_off
1913,8006,,1394480.28,repaid
1914,20040,,2134837.38,repaid
1915,26552,,1143459.41,active
1916,36714,,307408.6,defaulted
1917,32099,,2988366.02,active
1918,24655,,1836219.25,active
1919,3357,,179765.28,written_off
1920,29244,,1409231.16,active
1921,32209,,3352256.31,active
1922,32093,,1195698.12,defaulted
1923,8391,,1086663.38,repaid
1924,14720,,2576429.28,active
1925,249,,4660029.33,active
1926,38853,,2725463.45,active
1927,25975,,822143.98,repaid
1928,26325,,3571761.23,active
1929,38022,,1922872.13,active
1930,30962,,3111079.78,active
1931,20646,,238804.75,active
1932,4950,,2868983.96,repaid
1933,25465,,4420749.38,repaid
1934,20783,,2877515.56,active
1935,34081,,1831670.97,repaid
1936,1901,,472322.09,repaid
1937,20790,,1292053.99,repaid
1938,14589,,2030522.29,active
1939,18411,,3128918.4,active
1940,986,,4104157.27,active
1941,24360,,4581096.66,defaulted
1942,5637,,2256747.51,active
1943,32708,,3619533.94,active
1944,10692,,557046.98,active
1945,9207,,3769809.37,defaulted
1946,33643,,1508329.21,written_off
1947,16106,,610987.21,active
1948,3264,,2709181.17,active
1949,30943,,225163.14,defaulted
1950,15461,,1708173.12,active
1951,4418,,4257402.39,active
1952,7383,,709367.2,defaulted
1953,22470,,3785890.6,active
1954,28110,,4511896.46,active
1955,29444,,814119.58,repaid
1956,14961,,3582354.73,active
1957,11570,,950745.7,repaid
1958,12008,,3467177.31,active
1959,3027,,3869387.83,active
1960,20805,,4349502.93,active
1961,4626,,3307859.89,repaid
1962,786,,650961.53,repaid
1963,2231,,4794003.68,repaid
1964,22748,,3042876.36,active
1965,11989,,464876.26,active
1966,37576,,1206955.8,active
1967,22787,,2959528.22,written_off
1968,13286,,4390864.13,repaid
1969,29719,,4981436.86,active
1970,7910,,4388748.44,repaid
1971,32036,,4653560.36,active
1972,37691,,4871746.89,active
1973,109,,1410422.59,defaulted
1974,4918,,103299.96,active
1975,27988,,3501398.57,active
1976,3473,,168804.0,active
1977,19403,,1673644.19,active
1978,35273,,1407111.77,active
1979,36706,,297171.72,repaid
1980,30898,,3471374.88,active
1981,9121,,4023165.61,repaid
1982,36372,,3003379.26,active
1983,7917,,798654.33,active
1984,25579,,3728188.29,active
1985,31964,,3172167.23,active
1986,33007,,2919590.77,repaid
1987,7134,,1927313.91,active
1988,12130,,586872.44,active
1989,5274,,1299129.9,repaid
1990,6408,,2753974.62,repaid
1991,86,,1124633.31,active
1992,28690,,4244462.03,active
1993,6409,,2768248.96,repaid
1994,15861,,1365127.35,active
1995,24191,,3385989.94,active
1996,5744,,3590044.92,active
1997,1284,,4228258.81,active
1998,7998,,844112.78,active
1999,4377,,4551282.27,defaulted
2000,33293,,2343358.82,active
2001,7666,,343687.03,active
2002,23023,,3160277.01,active
2003,27302,,1219366.23,active
2004,9859,,1597826.65,repaid
2005,27917,,1322201.83,active
2006,27499,,1235702.62,defaulted
2007,2612,,1937044.27,repaid
2008,13107,,356110.33,active
2009,21467,,2177664.48,active
2010,13625,,534659.61,repaid
2011,33135,,3547125.7,repaid
2012,2090,,4388502.91,active
2013,14614,,2097801.77,repaid
2014,20494,,672068.07,defaulted
2015,34651,,2446388.57,active
2016,3795,,2068859.01,repaid
2017,14545,,739954.92,defaulted
2018,25189,,2901828.48,repaid
2019,21176,,3103409.98,repaid
2020,14329,,311901.73,repaid
2021,1311,,1039173.17,repaid
2022,3491,,2621084.68,active
2023,28403,,2981189.93,defaulted
2024,39026,,3939825.51,repaid
2025,3712,,1229337.78,active
2026,29494,,2029862.58,repaid
2027,39507,,3775697.47,active
2028,19126,,3665656.36,repaid
2029,15438,,4852624.78,repaid
2030,28038,,3837107.86,written_off
2031,1013,,4233055.53,active
2032,32699,,129669.45,repaid
2033,37954,,2298332.25,active
2034,30883,,181244.35,active
2035,37202,,2045556.68,active
2036,4410,,4974814.75,repaid
2037,25126,,2988697.29,repaid
2038,21987,,1558474.09,active
2039,18444,,3938203.87,active
2040,6314,,3153119.51,active
2041,2186,,4960193.96,active
2042,18132,,4891772.32,repaid
2043,32275,,4792736.8,repaid
2044,35545,,4832891.33,active
2045,28789,,732527.05,active
2046,38193,,4641898.06,repaid
2047,28158,,3205360.41,active
2048,5013,,2547755.63,active
2049,19356,,2155909.68,active
2050,3500,,445030.82,active
2051,11763,,3737326.36,active
2052,5598,,975762.09,active
2053,10327,,3503481.38,repaid
2054,5882,,3833815.69,active
2055,15685,,2946854.65,repaid
2056,35848,,4516466.21,repaid
2057,35633,,394192.73,repaid
2058,9579,,151094.87,repaid
2059,19117,,2552052.03,active
2060,39460,,3325479.74,defaulted
2061,23664,,4237226.25,active
2062,32544,,2432986.99,active
2063,24166,,4871502.87,active
2064,12000,,858641.46,defaulted
2065,6126,,1541966.14,active
2066,8091,,3958759.84,written_off
2067,14940,,2524131.09,repaid
2068,19901,,4297363.35,repaid
2069,16384,,4262724.07,repaid
2070,33911,,4058778.6,active
2071,39072,,1767070.42,active
2072,22981,,479386.42,active
2073,17095,,2653274.31,active
2074,10042,,345845.01,defaulted
2075,9530,,967163.86,repaid
2076,33392,,963584.39,active
2077,35869,,3836097.98,active
2078,38325,,2031139.42,repaid
2079,3659,,3413177.71,active
2080,34740,,4044862.87,repaid
2081,5579,,2312643.39,active
2082,2928,,3080609.0,repaid
2083,37819,,4675016.15,active
2084,18343,,285907.87,active
2085,16981,,4021732.68,repaid
2086,28924,,4893591.26,active
2087,7646,,4667574.13,active
2088,302,,4286828.32,defaulted
2089,26274,,2600592.44,repaid
2090,29788,,1574665.22,repaid
2091,7772,,443087.6,repaid
2092,26295,,4661271.93,active
2093,15270,,4122117.24,active
2094,22244,,3736050.02,active
2095,17713,,3078981.31,active
2096,28050,,643438.15,written_off
2097,8875,,4276427.8,repaid
2098,36107,,3746341.11,repaid
2099,39816,,1529093.08,active
2100,2682,,1157133.07,active
2101,20457,,786790.43,written_off
2102,12645,,4615453.94,written_off
2103,4560,,4398686.3,active
2104,18448,,3301085.87,repaid
2105,32041,,2945456.22,repaid
2106,35195,,4660369.45,active
2107,10787,,3044775.0,repaid
2108,6325,,3984289.9,active
2109,1959,,3794069.79,active
2110,30703,,4367258.6,active
2111,22836,,1640212.47,active
2112,32897,,4493525.15,defaulted
2113,13408,,1209132.09,repaid
2114,34481,,827636.64,defaulted
2115,35482,,3431176.19,repaid
2116,38139,,1281254.71,active
2117,36329,,2236499.55,repaid
2118,18115,,3561889.56,defaulted
2119,32329,,3083281.85,active
2120,28776,,1829841.32,active
2121,39212,,2060969.0,repaid
2122,37528,,644189.42,active
2123,29777,,4435668.07,repaid
2124,12933,,422809.92,active
2125,33111,,4231323.31,written_off
2126,28298,,227035.58,active
2127,15351,,3350350.94,defaulted
2128,11804,,3272304.42,active
2129,33677,,3853795.67,defaulted
2130,5031,,4281939.58,defaulted
2131,34670,,3788112.46,repaid
2132,13849,,184469.28,active
2133,15002,,3409598.15,repaid
2134,646,,1459268.2,active
2135,22005,,3096674.09,repaid
2136,27921,,3711597.6,active
2137,12879,,2196010.52,repaid
2138,29745,,1413123.7,active
2139,32167,,2269914.21,repaid
2140,36316,,1792963.75,repaid
2141,2861,,4038478.81,repaid
2142,18119,,3532242.85,repaid
2143,19783,,3117006.58,active
2144,13495,,4811887.5,active
2145,32741,,901558.02,repaid
2146,29591,,2600815.1,repaid
2147,33435,,1481708.22,written_off
2148,1055,,500807.49,repaid
2149,24130,,354794.28,active
2150,37305,,2453281.8,repaid
2151,18391,,3944452.82,active
2152,23965,,3538321.74,written_off
2153,2171,,875631.93,active
2154,6191,,692159.42,active
2155,10003,,2249346.32,active
2156,11169,,779647.7,written_off
2157,7515,,4205549.18,active
2158,28901,,4457983.07,active
2159,33020,,1230593.44,active
2160,16097,,2156999.08,active
2161,21321,,1537387.9,repaid
2162,10478,,2673147.46,active
2163,19478,,929143.77,active
2164,13893,,1027308.52,repaid
2165,5815,,2260864.76,active
2166,20596,,1958460.64,written_off
2167,1081,,1623229.97,repaid
2168,13684,,4967380.11,written_off
