valuation_id,property_id,valuation_date,assessed_value
1,1,2022-08-01,602212540.29
2,1,2023-07-01,587263372.99
3,1,2024-08-01,561805996.07
4,1,2025-01-01,678101661.48
5,2,2022-09-01,324877919.71
6,2,2023-08-01,351542832.0
7,2,2024-04-01,348815263.93
8,2,2025-12-01,480044745.01
9,3,2022-04-01,632634878.24
10,3,2023-10-01,638182581.76
11,3,2024-07-01,736806742.94
12,3,2025-11-01,552396081.31
13,4,2022-08-01,207372767.39
14,4,2023-11-01,200432294.85
15,4,2024-02-01,250077297.39
16,4,2025-06-01,193008624.82
17,5,2022-03-01,260305228.95
18,5,2023-08-01,255529160.38
19,5,2024-03-01,331905603.83
20,5,2025-10-01,225906434.77
21,6,2022-01-01,94661471.34
22,6,2023-03-01,102053033.95
23,6,2024-12-01,85715835.08
24,6,2025-07-01,141590664.68
25,7,2022-06-01,17801976.07
26,7,2023-12-01,19011827.03
27,7,2024-09-01,20013394.64
28,7,2025-09-01,22115337.92
29,8,2022-06-01,395933785.43
30,8,2023-06-01,406387900.02
31,8,2024-03-01,450295604.75
32,8,2025-07-01,470901327.44
33,9,2022-12-01,289197149.98
34,9,2023-05-01,282604364.48
35,9,2024-06-01,365560128.98
36,9,2025-02-01,307074771.8
37,10,2022-12-01,453092207.06
38,10,2023-06-01,445723639.75
39,10,2024-10-01,492839792.15
40,10,2025-02-01,599998161.25
41,11,2022-08-01,225828199.79
42,11,2023-05-01,224822681.67
43,11,2024-12-01,280986445.25
44,11,2025-08-01,262116212.06
45,12,2022-12-01,395449193.3
46,12,2023-02-01,392235684.37
47,12,2024-09-01,376301514.75
48,12,2025-06-01,392137545.98
49,13,2022-11-01,345510112.35
50,13,2023-07-01,351199151.11
51,13,2024-05-01,324646962.35
52,13,2025-06-01,437932974.44
53,14,2022-03-01,689090791.54
54,14,2023-11-01,742290728.81
55,14,2024-02-01,903049490.68
56,14,2025-11-01,662723436.0
57,15,2022-03-01,767224316.96
58,15,2023-07-01,742634510.58
59,15,2024-10-01,919581020.29
60,15,2025-04-01,729728153.94
61,16,2022-02-01,305500729.52
62,16,2023-09-01,292783668.15
63,16,2024-06-01,288713909.56
64,16,2025-04-01,315348695.51
65,17,2022-06-01,486108748.65
66,17,2023-03-01,462674726.4
67,17,2024-11-01,581194572.12
68,17,2025-02-01,552731453.4
69,18,2022-02-01,197000325.93
70,18,2023-08-01,202503583.52
71,18,2024-01-01,208083482.93
72,18,2025-11-01,271754281.08
73,19,2022-10-01,726188948.86
74,19,2023-11-01,722935465.88
75,19,2024-02-01,762070428.2
76,19,2025-10-01,1099996922.69
77,20,2022-05-01,172763071.0
78,20,2023-08-01,197562715.07
79,20,2024-01-01,187849366.74
80,20,2025-10-01,162066289.34
81,21,2022-06-01,322568021.79
82,21,2023-11-01,336240496.25
83,21,2024-04-01,362277903.62
84,21,2025-04-01,436556994.5
85,22,2022-09-01,702782922.51
86,22,2023-05-01,776771491.17
87,22,2024-03-01,672803078.38
88,22,2025-04-01,658581719.12
89,23,2022-06-01,656971695.28
90,23,2023-01-01,624840305.87
91,23,2024-08-01,753597124.39
92,23,2025-12-01,938677907.69
93,24,2022-10-01,294846747.89
94,24,2023-05-01,321171139.4
95,24,2024-05-01,267446397.53
96,24,2025-07-01,280354991.63
97,25,2022-04-01,16964070.68
98,25,2023-02-01,16594951.6
99,25,2024-12-01,19644730.53
100,25,2025-01-01,16036791.88
101,26,2022-10-01,529214078.0
102,26,2023-03-01,606204674.27
103,26,2024-12-01,683102185.87
104,26,2025-06-01,601955727.3
105,27,2022-02-01,723364536.63
106,27,2023-10-01,695659122.44
107,27,2024-07-01,868456339.15
108,27,2025-06-01,827885170.18
109,28,2022-10-01,419948755.43
110,28,2023-04-01,410831998.8
111,28,2024-01-01,392396693.54
112,28,2025-10-01,461259427.15
113,29,2022-06-01,744239021.82
114,29,2023-11-01,765033851.28
115,29,2024-10-01,948268086.62
116,29,2025-11-01,820354695.72
117,30,2022-04-01,66415507.66
118,30,2023-12-01,66852253.44
119,30,2024-06-01,76025180.32
120,30,2025-09-01,57399276.9
121,31,2022-07-01,706968061.57
122,31,2023-04-01,685518642.3
123,31,2024-05-01,845613191.66
124,31,2025-11-01,732205767.97
125,32,2022-07-01,545528574.08
126,32,2023-01-01,589634949.56
127,32,2024-02-01,499632776.55
128,32,2025-05-01,811294541.22
129,33,2022-03-01,15440402.38
130,33,2023-05-01,16232222.47
131,33,2024-02-01,17347665.94
132,33,2025-03-01,16391301.53
133,34,2022-02-01,430940678.95
134,34,2023-07-01,459250692.35
135,34,2024-09-01,450276423.55
136,34,2025-08-01,615835053.99
137,35,2022-02-01,329431688.2
138,35,2023-06-01,337470271.48
139,35,2024-12-01,354850524.35
140,35,2025-11-01,337894551.86
141,36,2022-07-01,447185413.71
142,36,2023-02-01,507898921.7
143,36,2024-06-01,571715995.63
144,36,2025-10-01,675045144.46
145,37,2022-11-01,419100473.68
146,37,2023-10-01,400020458.52
147,37,2024-03-01,485747000.79
148,37,2025-06-01,394049261.73
149,38,2022-10-01,347656508.66
150,38,2023-07-01,394321147.93
151,38,2024-07-01,327596057.34
152,38,2025-08-01,313116971.88
153,39,2022-09-01,372031850.28
154,39,2023-08-01,374183586.07
155,39,2024-01-01,394988420.42
156,39,2025-06-01,325178578.16
157,40,2022-12-01,216912275.38
158,40,2023-01-01,217336439.56
159,40,2024-05-01,216987656.75
160,40,2025-02-01,272942545.34
161,41,2022-02-01,515407029.99
162,41,2023-01-01,564203751.78
163,41,2024-09-01,674704986.46
164,41,2025-02-01,625810771.76
165,42,2022-08-01,590648895.2
166,42,2023-01-01,677794257.49
167,42,2024-10-01,694548657.4
168,42,2025-08-01,567973670.06
169,43,2022-09-01,433780133.71
170,43,2023-10-01,456428766.35
171,43,2024-01-01,544379076.43
172,43,2025-02-01,602048884.36
173,44,2022-10-01,525415470.62
174,44,2023-08-01,526527370.65
175,44,2024-04-01,633927152.8
176,44,2025-05-01,507459060.12
177,45,2022-09-01,23635286.29
178,45,2023-09-01,23503339.73
179,45,2024-08-01,29056623.86
180,45,2025-03-01,23243846.84
181,46,2022-01-01,783045674.12
182,46,2023-11-01,874378189.41
183,46,2024-02-01,707253599.01
184,46,2025-03-01,1070656968.16
185,47,2022-06-01,280970004.86
186,47,2023-06-01,317593803.95
187,47,2024-12-01,320677905.18
188,47,2025-08-01,396841570.25
189,48,2022-12-01,627627220.18
190,48,2023-02-01,665702543.51
191,48,2024-08-01,751047859.67
192,48,2025-01-01,556809108.11
193,49,2022-10-01,193206961.8
194,49,2023-08-01,201998923.64
195,49,2024-03-01,182836929.92
196,49,2025-06-01,189976845.14
197,50,2022-07-01,714123704.3
198,50,2023-05-01,718094202.97
199,50,2024-01-01,894842299.31
200,50,2025-12-01,768857994.63
201,51,2022-11-01,29248969.88
202,51,2023-05-01,31339739.58
203,51,2024-12-01,27716591.58
204,51,2025-01-01,39581322.39
205,52,2022-12-01,506029875.36
206,52,2023-04-01,506927075.19
207,52,2024-07-01,591235996.84
208,52,2025-07-01,436116850.84
209,53,2022-04-01,739871321.86
210,53,2023-12-01,791894288.49
211,53,2024-07-01,960314705.67
212,53,2025-10-01,663929180.15
213,54,2022-01-01,677065615.22
214,54,2023-09-01,688655078.04
215,54,2024-11-01,662934257.47
216,54,2025-07-01,872273213.38
217,55,2022-11-01,28781437.25
218,55,2023-09-01,29797406.16
219,55,2024-06-01,33639374.7
220,55,2025-03-01,40617115.99
221,56,2022-11-01,66241548.27
222,56,2023-01-01,73881300.52
223,56,2024-02-01,81944558.3
224,56,2025-08-01,58930614.06
225,57,2022-03-01,89218104.49
226,57,2023-04-01,94897102.77
227,57,2024-09-01,106190300.5
228,57,2025-05-01,122835528.21
229,58,2022-08-01,219740713.24
230,58,2023-06-01,249269690.59
231,58,2024-04-01,254940027.96
232,58,2025-10-01,256973716.94
233,59,2022-11-01,730437329.21
234,59,2023-02-01,715223657.46
235,59,2024-07-01,737507419.53
236,59,2025-09-01,1079239345.38
237,60,2022-01-01,746048198.52
238,60,2023-06-01,715980280.11
239,60,2024-01-01,834805167.63
240,60,2025-03-01,928876245.91
241,61,2022-10-01,547952664.01
242,61,2023-10-01,606877153.13
243,61,2024-11-01,630804362.56
244,61,2025-06-01,663052279.65
245,62,2022-08-01,474357693.11
246,62,2023-11-01,543379238.01
247,62,2024-07-01,564133935.17
248,62,2025-06-01,459393860.15
249,63,2022-09-01,368653419.06
250,63,2023-01-01,359342549.06
251,63,2024-02-01,413831630.86
252,63,2025-10-01,347049848.31
253,64,2022-04-01,441661802.43
254,64,2023-11-01,422731863.92
255,64,2024-11-01,568131162.96
256,64,2025-02-01,384272751.68
257,65,2022-03-01,261753320.07
258,65,2023-06-01,292424106.43
259,65,2024-03-01,321162641.29
260,65,2025-01-01,351337355.59
261,66,2022-03-01,428956963.22
262,66,2023-07-01,456052165.72
263,66,2024-12-01,527906627.49
264,66,2025-01-01,400983261.24
265,67,2022-03-01,40069507.62
266,67,2023-11-01,44022989.99
267,67,2024-03-01,44072591.09
268,67,2025-02-01,45776070.66
269,68,2022-04-01,350046492.93
270,68,2023-04-01,378080053.22
271,68,2024-08-01,332340182.69
272,68,2025-05-01,422957552.6
273,69,2022-03-01,556631098.75
274,69,2023-11-01,539715941.32
275,69,2024-09-01,549361922.62
276,69,2025-07-01,695131263.11
277,70,2022-09-01,403006535.72
278,70,2023-01-01,445987765.75
279,70,2024-08-01,448127421.94
280,70,2025-04-01,453985152.52
281,71,2022-08-01,464450189.36
282,71,2023-02-01,491945068.88
283,71,2024-07-01,585925789.44
284,71,2025-12-01,462526753.62
285,72,2022-05-01,90383005.76
286,72,2023-03-01,94312266.81
287,72,2024-08-01,113853010.88
288,72,2025-04-01,87667580.28
289,73,2022-09-01,448227625.24
290,73,2023-09-01,503172567.85
291,73,2024-12-01,550336634.81
292,73,2025-08-01,390029949.58
293,74,2022-11-01,375721691.33
294,74,2023-05-01,415661284.49
295,74,2024-11-01,466470413.44
296,74,2025-07-01,324054023.87
297,75,2022-02-01,204115644.91
298,75,2023-02-01,227094157.01
299,75,2024-07-01,259603125.28
300,75,2025-03-01,306892373.41
301,76,2022-08-01,159169541.08
302,76,2023-05-01,177550879.58
303,76,2024-10-01,177990617.47
304,76,2025-11-01,147415390.9
305,77,2022-06-01,313211011.22
306,77,2023-07-01,312685480.48
307,77,2024-05-01,338577804.94
308,77,2025-01-01,449199052.2
309,78,2022-02-01,234579131.21
310,78,2023-08-01,240133745.43
311,78,2024-11-01,269398576.39
312,78,2025-02-01,287397286.02
313,79,2022-12-01,352155025.57
314,79,2023-05-01,393989669.84
315,79,2024-05-01,336660482.15
316,79,2025-12-01,306036491.17
317,80,2022-05-01,774498151.87
318,80,2023-02-01,769340059.66
319,80,2024-07-01,913833904.17
320,80,2025-03-01,1078394090.71
321,81,2022-07-01,719926248.88
322,81,2023-02-01,766790098.76
323,81,2024-03-01,761243497.56
324,81,2025-04-01,641929637.53
325,82,2022-06-01,272278770.87
326,82,2023-04-01,264186027.47
327,82,2024-08-01,287057468.52
328,82,2025-10-01,388608696.76
329,83,2022-10-01,572309641.09
330,83,2023-08-01,612881652.74
331,83,2024-03-01,593704046.43
332,83,2025-07-01,718075584.14
333,84,2022-04-01,440346262.97
334,84,2023-06-01,474307756.21
335,84,2024-10-01,533589537.36
336,84,2025-07-01,568064057.75
337,85,2022-03-01,554797555.93
338,85,2023-03-01,626955324.07
339,85,2024-03-01,714013545.21
340,85,2025-08-01,476874095.61
341,86,2022-01-01,714334704.89
342,86,2023-05-01,761468576.82
343,86,2024-03-01,918937730.58
344,86,2025-08-01,955948144.87
345,87,2022-09-01,247267376.67
346,87,2023-08-01,280860161.03
347,87,2024-08-01,271477746.05
348,87,2025-02-01,246520626.68
349,88,2022-08-01,374844966.35
350,88,2023-05-01,372459225.53
351,88,2024-06-01,433525414.76
352,88,2025-12-01,354612562.8
353,89,2022-04-01,607845212.81
354,89,2023-05-01,680760473.77
355,89,2024-03-01,572152268.08
356,89,2025-08-01,522097008.74
357,90,2022-10-01,308507714.88
358,90,2023-03-01,304876075.83
359,90,2024-10-01,291902885.25
360,90,2025-04-01,410232745.74
361,91,2022-07-01,513249560.79
362,91,2023-02-01,531797232.48
363,91,2024-07-01,609227127.47
364,91,2025-04-01,490023028.98
365,92,2022-04-01,583203991.31
366,92,2023-04-01,608970314.01
367,92,2024-03-01,660900056.25
368,92,2025-10-01,674135211.39
369,93,2022-07-01,385243871.56
370,93,2023-08-01,382569446.22
371,93,2024-10-01,376334369.78
372,93,2025-08-01,581959310.93
373,94,2022-01-01,706119352.78
374,94,2023-01-01,777044319.31
375,94,2024-08-01,789807323.92
376,94,2025-02-01,849773942.35
