tenant_id,tenant_type,division_id,external_tenant_name
1,internal,retail,
2,internal,logistics,
3,internal,agricore,
4,external,,Schultz Ltd
5,external,,"Alvarez, Alexander and Green"
6,external,,Lyons-Garrett
7,external,,Edwards-Holder
8,external,,Richards Ltd
9,external,,Allen-Landry
10,external,,Schneider-Schmidt
11,external,,"Arnold, Shah and Williams"
12,external,,Marshall PLC
13,external,,Cox Inc
14,external,,Espinoza-Cunningham
15,external,,Jennings-Knight
16,external,,"Flores, Diaz and Brooks"
17,external,,Rodriguez-Johnson
18,external,,Yang PLC
19,external,,Mcgrath-Harvey
20,external,,Perez-George
21,external,,"Nunez, Lucas and Ramirez"
22,external,,Ramirez Group
23,external,,"Butler, Vazquez and Thompson"
24,external,,"Wilson, Hopkins and Gilbert"
25,external,,Burnett-Chambers
26,external,,Cohen-Johnson
27,external,,"Hobbs, Zimmerman and Gutierrez"
28,external,,"Velez, Hernandez and Sullivan"
29,external,,Ramsey PLC
30,external,,Snyder PLC
31,external,,Yates Inc
32,external,,Caldwell-Murray
33,external,,Jackson Inc
34,external,,"Grant, Fischer and Davis"
35,external,,Mason-Mills
36,external,,Hill Inc
37,external,,Snyder Ltd
38,external,,Carrillo-Thomas
39,external,,Huff-Morris
40,external,,Martinez-Miller
41,external,,Woodward Inc
42,external,,"Berry, Robertson and Baxter"
43,external,,Hoffman PLC
44,external,,Jimenez-Davidson
45,external,,Torres and Sons
46,external,,Roth and Sons
47,external,,Anderson-Johnson
48,external,,Moran PLC
49,external,,Grant Group
50,external,,Smith LLC
51,external,,Baker and Sons
52,external,,Murphy and Sons
53,external,,"Hill, Young and Wiley"
54,external,,"Walker, Smith and Johnson"
55,external,,Cruz PLC
56,external,,Valenzuela-Lamb
57,external,,"Moore, Hernandez and Fleming"
58,external,,Walker-White
59,external,,Gilbert-Shannon
60,external,,Diaz and Sons
61,external,,Henry-Abbott
62,external,,Myers PLC
63,external,,"Fleming, Whitney and Garcia"
